resource_path,texture_name,source_width,source_height
0828Artifacts,0828Artifacts,320,96
Animation/Tile/anim_sec_color_porcelain,anim_sec_color_porcelain,704,64
Animation/Tile/TileMaskAnimation/anim_tile_mask_corrupted,anim_tile_mask_corrupted,384,64
Animation/Tile/TileMaskAnimation/anim_tile_mask_fractured,anim_tile_mask_fractured,640,64
Animation/Tile/TileMaskAnimation/anim_tile_mask_grow,anim_tile_mask_grow,896,64
Animation/Tile/TileMaskAnimation/anim_tile_mask_suppressed,anim_tile_mask_suppressed,512,64
Artifacts,Artifacts,128,3264
Artifacts_New,Artifacts_New,320,1280
ascensions,ascensions,128,32
Background/BackgroundGameBoss,BackgroundGameBoss,1920,1080
Background/BackgroundGameDefault,BackgroundGameDefault,1920,1080
Background/BackgroundShop,BackgroundShop,1920,1080
Background/LayerdSprites/BossBackground,BossBackground,1920,1080
Background/LayerdSprites/BossCloudBack,BossCloudBack,1553,301
Background/LayerdSprites/BossCloudFront,BossCloudFront,1920,482
Background/LayerdSprites/BossCloudMiddle,BossCloudMiddle,1920,827
Background/LayerdSprites/cloud,cloud,3740,573
Background/LayerdSprites/Clouds/云中,云中,2855,120
Background/LayerdSprites/Clouds/云前,云前,3452,237
Background/LayerdSprites/Clouds/云后,云后,2041,105
Background/LayerdSprites/shop/山中绿,山中绿,1920,483
Background/LayerdSprites/shop/山中黄,山中黄,1920,483
Background/LayerdSprites/shop/山前绿,山前绿,1920,366
Background/LayerdSprites/shop/山前黄,山前黄,1920,366
Background/LayerdSprites/shop/山后绿,山后绿,514,301
Background/LayerdSprites/shop/山后黄,山后黄,514,301
Background/LayerdSprites/shop/殿绿,殿绿,1920,1080
Background/LayerdSprites/shop/殿黄,殿黄,1920,1080
Background/LayerdSprites/shop/绿云中,绿云中,1920,1080
Background/LayerdSprites/shop/绿云前,绿云前,1920,1080
Background/LayerdSprites/shop/绿云后,绿云后,1920,1080
Background/LayerdSprites/shop/黄云中,黄云中,1920,1080
Background/LayerdSprites/shop/黄云前,黄云前,1920,1080
Background/LayerdSprites/shop/黄云后,黄云后,1920,1080
Background/LayerdSprites/shop1,shop1,1920,1080
Background/LayerdSprites/shop2,shop2,1920,1080
Background/LayerdSprites/shop3,shop3,1920,1080
Background/LayerdSprites/shop4,shop4,1920,1080
Background/LayerdSprites/中景,中景,1920,827
Background/LayerdSprites/前景,前景,1920,482
Background/LayerdSprites/后景,后景,1553,301
Background/LayerdSprites/背景,背景,1920,1080
Background/Numbers,Numbers,111,13
Background/TransitionL,TransitionL,256,270
Background/TransitionR,TransitionR,256,270
Background/屏风右中,屏风右中,256,270
Background/屏风右大,屏风右大,256,270
Background/屏风右小,屏风右小,256,270
Background/屏风左中,屏风左中,256,270
Background/屏风左大,屏风左大,256,270
Background/屏风左小,屏风左小,256,270
Background/渐变纯色,渐变纯色,1920,1080
Background/背景色,背景色,192,191
boss_icons,boss_icons,384,96
Coin/妖姬金币1,妖姬金币1,64,64
Coin/妖姬金币10,妖姬金币10,64,64
Coin/妖姬金币11,妖姬金币11,64,64
Coin/妖姬金币12,妖姬金币12,64,64
Coin/妖姬金币13,妖姬金币13,64,64
Coin/妖姬金币14,妖姬金币14,64,64
Coin/妖姬金币15,妖姬金币15,64,64
Coin/妖姬金币16,妖姬金币16,64,64
Coin/妖姬金币2,妖姬金币2,64,64
Coin/妖姬金币3,妖姬金币3,64,64
Coin/妖姬金币4,妖姬金币4,64,64
Coin/妖姬金币5,妖姬金币5,64,64
Coin/妖姬金币6,妖姬金币6,64,64
Coin/妖姬金币7,妖姬金币7,64,64
Coin/妖姬金币8,妖姬金币8,64,64
Coin/妖姬金币9,妖姬金币9,64,64
Coin/钱袋子,钱袋子,192,64
Coin/铜板,铜板,44,44
Coin,Coin,16,16
cursor,cursor,32,32
cursor_new,cursor_new,24,24
Directions,Directions,128,64
discord-mark-black,discord-mark-black,619,469
Effects/Boss/timeless,timeless,3712,128
Effects/Tile/fu_increase,fu_increase,512,256
Effects/Tile/luck_draw,luck_draw,1024,64
Effects/Tile/timeless,timeless,3712,128
english_logo,english_logo,1024,448
ExampleTiles,ExampleTiles,576,256
GamepadIcons/ui_gamepad_icon_button,ui_gamepad_icon_button,128,128
GamepadIcons/ui_gamepad_icon_button_east,ui_gamepad_icon_button_east,128,128
GamepadIcons/ui_gamepad_icon_button_north,ui_gamepad_icon_button_north,128,128
GamepadIcons/ui_gamepad_icon_button_south,ui_gamepad_icon_button_south,128,128
GamepadIcons/ui_gamepad_icon_button_west,ui_gamepad_icon_button_west,128,128
GamepadIcons/ui_gamepad_icon_dpad,ui_gamepad_icon_dpad,128,128
GamepadIcons/ui_gamepad_icon_dpad_down,ui_gamepad_icon_dpad_down,128,128
GamepadIcons/ui_gamepad_icon_dpad_left,ui_gamepad_icon_dpad_left,128,128
GamepadIcons/ui_gamepad_icon_dpad_right,ui_gamepad_icon_dpad_right,128,128
GamepadIcons/ui_gamepad_icon_dpad_up,ui_gamepad_icon_dpad_up,128,128
GamepadIcons/ui_gamepad_icon_left_shoulder,ui_gamepad_icon_left_shoulder,128,128
GamepadIcons/ui_gamepad_icon_left_stick,ui_gamepad_icon_left_stick,128,128
GamepadIcons/ui_gamepad_icon_left_stick_all,ui_gamepad_icon_left_stick_all,128,128
GamepadIcons/ui_gamepad_icon_left_stick_down,ui_gamepad_icon_left_stick_down,128,128
GamepadIcons/ui_gamepad_icon_left_stick_left,ui_gamepad_icon_left_stick_left,128,128
GamepadIcons/ui_gamepad_icon_left_stick_leftright,ui_gamepad_icon_left_stick_leftright,128,128
GamepadIcons/ui_gamepad_icon_left_stick_press,ui_gamepad_icon_left_stick_press,128,128
GamepadIcons/ui_gamepad_icon_left_stick_right,ui_gamepad_icon_left_stick_right,128,128
GamepadIcons/ui_gamepad_icon_left_stick_up,ui_gamepad_icon_left_stick_up,128,128
GamepadIcons/ui_gamepad_icon_left_stick_updown,ui_gamepad_icon_left_stick_updown,128,128
GamepadIcons/ui_gamepad_icon_left_trigger,ui_gamepad_icon_left_trigger,128,128
GamepadIcons/ui_gamepad_icon_menu,ui_gamepad_icon_menu,128,128
GamepadIcons/ui_gamepad_icon_right_shoulder,ui_gamepad_icon_right_shoulder,128,128
GamepadIcons/ui_gamepad_icon_right_stick,ui_gamepad_icon_right_stick,128,128
GamepadIcons/ui_gamepad_icon_right_stick_all,ui_gamepad_icon_right_stick_all,128,128
GamepadIcons/ui_gamepad_icon_right_stick_down,ui_gamepad_icon_right_stick_down,128,128
GamepadIcons/ui_gamepad_icon_right_stick_left,ui_gamepad_icon_right_stick_left,128,128
GamepadIcons/ui_gamepad_icon_right_stick_leftright,ui_gamepad_icon_right_stick_leftright,128,128
GamepadIcons/ui_gamepad_icon_right_stick_press,ui_gamepad_icon_right_stick_press,128,128
GamepadIcons/ui_gamepad_icon_right_stick_right,ui_gamepad_icon_right_stick_right,128,128
GamepadIcons/ui_gamepad_icon_right_stick_up,ui_gamepad_icon_right_stick_up,128,128
GamepadIcons/ui_gamepad_icon_right_stick_updown,ui_gamepad_icon_right_stick_updown,128,128
GamepadIcons/ui_gamepad_icon_right_trigger,ui_gamepad_icon_right_trigger,128,128
GamepadIcons/ui_gamepad_icon_view,ui_gamepad_icon_view,128,128
Gear,Gear,32,32
group_icon,group_icon,128,128
icon,icon,48,48
icon_near,icon_near,358,358
line,line,130,13
Lock,Lock,96,32
logo_v1.0,logo_v1.0,1024,448
MainMenuBG/0层_云,0层_云,2640,426
MainMenuBG/1层_云,1层_云,1176,579
MainMenuBG/2层_山,2层_山,1698,1293
MainMenuBG/3层_云,3层_云,1077,615
MainMenuBG/4层_山,4层_山,927,609
MainMenuBG/5层_日,5层_日,384,384
MainMenuBG/6层_云,6层_云,2076,852
MainMenuBG,MainMenuBG,2000,1200
pai_jiu,pai_jiu,384,64
PirateChest/pirate_chest,pirate_chest,320,32
PlayLeftIcon,PlayLeftIcon,80,16
progress_bar,progress_bar,24,24
QQ-logo,QQ-logo,1164,1375
SkillIcons,SkillIcons,128,128
sliced-tooltip,sliced-tooltip,96,96
Slot,Slot,16,16
small-sliced-tooltip,small-sliced-tooltip,32,32
steam_black_logo_icon_147078,steam_black_logo_icon_147078,512,512
steam_workshop_icon,steam_workshop_icon,64,64
TextSprite/ExampleTiles,ExampleTiles,576,256
TextSprite/Icons,Icons,256,256
TextSprite/Money,Money,44,44
TextSprite/TowerModel,TowerModel,32,32
TextSprite/TypeSprites,TypeSprites,160,32
TextSprite/YakuPacks,YakuPacks,256,32
Textures/FracturedTexture,FracturedTexture,64,64
Textures/Gadget/gadget_sheet,gadget_sheet,352,128
Textures/Gadget/plasticine,plasticine,32,32
Textures/TileTexture,TileTexture,64,64
Tile/BirdFont,BirdFont,1024,128
Tile/LedGlowMask,LedGlowMask,16,16
Tile/LedLampMask,LedLampMask,8,8
Tile/TileFont,TileFont,576,512
Tile/TileMaterial/MechParts,MechParts,84,48
TileMark,TileMark,64,32
TileMask,TileMask,256,256
TileMaterials,TileMaterials,640,1408
Toggler,Toggler,128,64
ToolTip,ToolTip,96,64
transform_rice,transform_rice,576,576
Transforms-export,Transforms-export,576,2816
Transforms,Transforms,576,3648
UI/ArrowButton,ArrowButton,21,15
UI/ButtonBase,ButtonBase,66,66
UI/Buttons/arrow_button,arrow_button,180,90
UI/Buttons/BirdButtons,BirdButtons,80,64
UI/Buttons/ProceedButton,ProceedButton,512,32
UI/Buttons/ui_button_kong,ui_button_kong,86,42
UI/Buttons/ui_button_kong_outline,ui_button_kong_outline,92,48
UI/Buttons/ui_button_medium,ui_button_medium,234,340
UI/Buttons/ui_button_normal_outline,ui_button_normal_outline,240,91
UI/Buttons/ui_button_oct,ui_button_oct,352,357
UI/Buttons/ui_button_octagon,ui_button_octagon,96,96
UI/Buttons/小按钮,小按钮,156,67
UI/Buttons/小按钮_右,小按钮_右,78,67
UI/Buttons/小按钮_左,小按钮_左,78,67
UI/CraftIcon,CraftIcon,64,32
UI/DiscardLeftBox,DiscardLeftBox,81,73
UI/FanFrame,FanFrame,314,72
UI/frame_outlined_4,frame_outlined_4,32,32
UI/FuFanInnerFrame,FuFanInnerFrame,314,72
UI/FuFrame,FuFrame,314,72
UI/GadgetSlotFrame,GadgetSlotFrame,582,102
UI/GameEnd/ui_button_game_end_back,ui_button_game_end_back,300,84
UI/GameEnd/ui_button_game_end_back_selected,ui_button_game_end_back_selected,300,84
UI/GameEnd/ui_button_game_end_endless,ui_button_game_end_endless,338,83
UI/GameEnd/ui_button_game_end_endless_selected,ui_button_game_end_endless_selected,338,83
UI/GameEnd/ui_octagon_frame_inverted,ui_octagon_frame_inverted,90,90
UI/GameEnd/ui_panel_victory,ui_panel_victory,829,886
UI/GameEnd/ui_tab_victory,ui_tab_victory,337,58
UI/GameEnd/结束,结束,1920,1080
UI/InformationIcon,InformationIcon,45,32
UI/language_icon,language_icon,64,64
UI/LevelCounter,LevelCounter,186,128
UI/LevelDetailBackground,LevelDetailBackground,338,127
UI/LevelFrame,LevelFrame,122,63
UI/LevelNumberBackground,LevelNumberBackground,61,23
UI/MoneyPanelBackground,MoneyPanelBackground,195,67
UI/Panel Frame/generalFrame,generalFrame,90,90
UI/Panel Frame/ui_panel_oct,ui_panel_oct,352,357
UI/Panel Frame/UIFramePaperTexture,UIFramePaperTexture,256,256
UI/Panel Frame/UIInfoPanel,UIInfoPanel,96,96
UI/Panel Frame/UIInfoPanelFrame,UIInfoPanelFrame,96,96
UI/pin,pin,32,32
UI/pin_big,pin_big,48,48
UI/PixelatedUISprites/boss名片,boss名片,145,63
UI/PixelatedUISprites/future_level_diamond,future_level_diamond,64,63
UI/PixelatedUISprites/future_level_diamond_fill,future_level_diamond_fill,384,64
UI/PixelatedUISprites/LevelViewIcon,LevelViewIcon,400,80
UI/PixelatedUISprites/panel,panel,401,281
UI/PixelatedUISprites/SmallButton,SmallButton,86,42
UI/PixelatedUISprites/TopLeftPanel-boss,TopLeftPanel-boss,401,362
UI/PixelatedUISprites/TopLeftPanel,TopLeftPanel,401,282
UI/PixelatedUISprites/TopMiddlePanel,TopMiddlePanel,966,310
UI/PixelatedUISprites/UI Divider,UI Divider,132,15
UI/PixelatedUISprites/ui_frame_octagon,ui_frame_octagon,96,96
UI/PixelatedUISprites/ui_setting_divider,ui_setting_divider,128,15
UI/PixelatedUISprites/ui_setting_row_normal,ui_setting_row_normal,1400,93
UI/PixelatedUISprites/ui_setting_row_selected,ui_setting_row_selected,1400,93
UI/PixelatedUISprites/ui_setting_tab_normal,ui_setting_tab_normal,260,90
UI/PixelatedUISprites/ui_setting_tab_selected,ui_setting_tab_selected,260,90
UI/PixelatedUISprites/乘号,乘号,42,42
UI/PixelatedUISprites/出牌按钮,出牌按钮,282,500
UI/PixelatedUISprites/出牌按钮5,出牌按钮5,282,500
UI/PixelatedUISprites/十字框,十字框,96,96
UI/PixelatedUISprites/按钮,按钮,244,77
UI/PixelatedUISprites/横梁链接臂,横梁链接臂,64,64
UI/PixelatedUISprites/番种板,番种板,874,118
UI/PixelatedUISprites/空面板,空面板,401,281
UI/PixelatedUISprites/计数按钮,计数按钮,234,400
UI/PixelatedUISprites/设置,设置,32,32
UI/PixelatedUISprites/详情面板,详情面板,200,122
UI/Places/ArtifactShopDestination,ArtifactShopDestination,481,176
UI/Places/GadgetsShopDestination,GadgetsShopDestination,481,176
UI/Places/TileAddShopDestination,TileAddShopDestination,481,176
UI/Places/TileDeleteShopDestination,TileDeleteShopDestination,481,176
UI/Places/TileModifyShopDestination,TileModifyShopDestination,481,176
UI/Places/WastelandDestination,WastelandDestination,481,176
UI/PlayCounter,PlayCounter,282,1375
UI/PlayModeSelector0,PlayModeSelector0,16,16
UI/PlayModeSelector1,PlayModeSelector1,16,16
UI/ProgressBar/ProgressBarBackground,ProgressBarBackground,951,12
UI/ProgressBar/ProgressBarFront,ProgressBarFront,950,11
UI/ProgressBar/ProgressBarLeftCoin,ProgressBarLeftCoin,30,30
UI/ProgressBar/ProgressBarRightCoin,ProgressBarRightCoin,30,30
UI/ProgressBar/ProgressIndicator,ProgressIndicator,45,45
UI/ProgressBar/ui_progress_bar_yaku_pack_base,ui_progress_bar_yaku_pack_base,47,8
UI/ProgressBar/ui_progress_bar_yaku_pack_fill,ui_progress_bar_yaku_pack_fill,47,8
UI/ProgressBar/ui_progress_bar_yaku_pack_fill_highlight,ui_progress_bar_yaku_pack_fill_highlight,47,8
UI/Scarlet/scarlet_button_01,scarlet_button_01,126,131
UI/Scarlet/scarlet_button_02,scarlet_button_02,126,131
UI/Scarlet/scarlet_category,scarlet_category,192,64
UI/Scarlet/scarlet_indicator_background_main,scarlet_indicator_background_main,126,131
UI/Scarlet/scarlet_indicator_fill_1,scarlet_indicator_fill_1,126,131
UI/Scarlet/scarlet_indicator_fill_2,scarlet_indicator_fill_2,126,131
UI/Scarlet/scarlet_indicator_fill_3,scarlet_indicator_fill_3,126,131
UI/Scarlet/scarlet_indicator_fill_4,scarlet_indicator_fill_4,126,131
UI/Scarlet/scarlet_indicator_frame,scarlet_indicator_frame,126,131
UI/Scarlet/scarlet_tile,scarlet_tile,126,131
UI/SelectionIndicator,SelectionIndicator,16,16
UI/SellGadgetButton,SellGadgetButton,58,36
UI/SettingsButton,SettingsButton,62,59
UI/Shop/ui_button_shop_exit,ui_button_shop_exit,332,114
UI/Shop/ui_button_shop_exit_selected,ui_button_shop_exit_selected,332,114
UI/Shop/ui_button_shop_refresh,ui_button_shop_refresh,332,114
UI/Shop/ui_button_shop_refresh_selected,ui_button_shop_refresh_selected,332,114
UI/Shop/ui_button_shop_yaku_pack,ui_button_shop_yaku_pack,390,160
UI/Shop/ui_button_shop_yaku_pack_selected,ui_button_shop_yaku_pack_selected,390,160
UI/Shop/ui_card_shop,ui_card_shop,359,539
UI/Shop/ui_card_shop_locked,ui_card_shop_locked,359,539
UI/Shop/ui_card_shop_selected,ui_card_shop_selected,359,539
UI/Shop/ui_decor_shop_yaku_pack,ui_decor_shop_yaku_pack,260,25
UI/Shop/ui_frame_shop_header,ui_frame_shop_header,518,123
UI/Shop/ui_frame_shop_tips,ui_frame_shop_tips,822,25
UI/Shop/ui_panel_shop,ui_panel_shop,1920,1080
UI/Shop/ui_panel_shop_yaku_pack,ui_panel_shop_yaku_pack,446,539
UI/Tab Panel/中标签,中标签,658,96
UI/Tab Panel/大页面,大页面,1920,1080
UI/Tab Panel/番种图/番种图内Panel,番种图内Panel,1447,589
UI/Tab Panel/番种图/番种图类别按钮,番种图类别按钮,339,110
UI/Tab Panel/番种图/番种图节点,番种图节点,260,128
UI/Tab Panel/边标签,边标签,224,108
UI/TileRuler,TileRuler,120,171
UI/TileWallAbbreviation,TileWallAbbreviation,85,36
UI/ui_artifact_slot_background,ui_artifact_slot_background,96,96
UI/ui_artifact_slot_frame,ui_artifact_slot_frame,96,96
UI/ui_artifact_slot_outline,ui_artifact_slot_outline,128,128
UI/ui_button_main,ui_button_main,32,32
UI/ui_frame_double_octagon_corner,ui_frame_double_octagon_corner,96,96
UI/ui_frame_outline,ui_frame_outline,96,96
UI/ui_gadget_slot,ui_gadget_slot,96,96
UI/ui_gadget_slot_outline,ui_gadget_slot_outline,102,102
UI/ui_message,ui_message,32,32
UI/ui_pinned_yaku_container,ui_pinned_yaku_container,85,36
UI/ui_slider_handle,ui_slider_handle,31,31
UI/ui_tile_empty_material,ui_tile_empty_material,64,64
UI/ui_yaku_name_outline,ui_yaku_name_outline,148,32
UI/ui_yaku_to_level_box,ui_yaku_to_level_box,546,528
UI/UICrossMark,UICrossMark,35,34
UI/UIFanBackground,UIFanBackground,324,76
UI/UIFuBackground,UIFuBackground,324,76
UI/UIHandArea,UIHandArea,1920,198
UI/UIPlayButton,UIPlayButton,234,67
UI/UIPlayButtonFrame,UIPlayButtonFrame,234,67
UI/UpperMiddlePanel/Fan,Fan,112,84
UI/UpperMiddlePanel/Fu,Fu,82,87
UI/UpperMiddlePanel/ui_ink_outline,ui_ink_outline,512,512
UI/UpperMiddlePanel/番,番,86,84
UI/UpperMiddlePanel/符,符,86,84
UI/UpperMiddlePanel/符_JP,符_JP,86,84
UI/UpperMiddlePanel/翻,翻,86,84
UI/YakuFrame,YakuFrame,128,32
UI/YakuGraph/connections_new/down_right,down_right,128,128
UI/YakuGraph/connections_new/left_down,left_down,128,128
UI/YakuGraph/connections_new/left_down_right,left_down_right,128,128
UI/YakuGraph/connections_new/left_right,left_right,128,128
UI/YakuGraph/connections_new/left_up,left_up,128,128
UI/YakuGraph/connections_new/left_up_down,left_up_down,128,128
UI/YakuGraph/connections_new/left_up_down_right,left_up_down_right,128,128
UI/YakuGraph/connections_new/left_up_right,left_up_right,128,128
UI/YakuGraph/connections_new/up_down,up_down,128,128
UI/YakuGraph/connections_new/up_down_right,up_down_right,128,128
UI/YakuGraph/connections_new/up_right,up_right,128,128
UI/YakuGraph/down_right,down_right,128,128
UI/YakuGraph/down_right_oright,down_right_oright,128,128
UI/YakuGraph/left_down,left_down,128,128
UI/YakuGraph/left_down_oleft,left_down_oleft,128,128
UI/YakuGraph/left_right,left_right,128,128
UI/YakuGraph/left_right_oleft,left_right_oleft,128,128
UI/YakuGraph/left_right_oleft_oright,left_right_oleft_oright,128,128
UI/YakuGraph/left_right_oright,left_right_oright,128,128
UI/YakuGraph/left_up,left_up,128,128
UI/YakuGraph/left_up_oleft,left_up_oleft,128,128
UI/YakuGraph/Parchment/Node,Node,2172,724
UI/YakuGraph/Parchment/NodeSelected,NodeSelected,2172,724
UI/YakuGraph/Parchment/Panel,Panel,1705,923
UI/YakuGraph/Parchment/Reference,Reference,1672,941
UI/YakuGraph/Parchment/Viewport,Viewport,1983,793
UI/YakuGraph/up_down,up_down,128,128
UI/YakuGraph/up_right,up_right,128,128
UI/YakuGraph/up_right_oright,up_right_oright,128,128
UI/刷新,刷新,32,32
ui_frame,ui_frame,129,65
ui_frame2,ui_frame2,129,65
ui_frame3,ui_frame3,32,32
ui_frame4,ui_frame4,32,32
YakuGraphSprites/line,line,130,13
YakuGraphSprites/line_external_left,line_external_left,22,41
YakuGraphSprites/line_external_right,line_external_right,22,41
YakuPacks,YakuPacks,256,128
天字,天字,120,120
底纹1,底纹1,768,768
